Time_s,CH4_V
-4.62640000000007e-05,0.309010112
-4.61640000000013e-05,0.3492111232
-4.60639999999984e-05,0.2688091008
-4.5963999999999e-05,0.1884070784
-4.58639999999996e-05,0.0276030336
-4.57640000000002e-05,-0.093
-4.56640000000008e-05,-0.294005056
-4.55640000000014e-05,-0.3744070784
-4.54639999999985e-05,-0.5754121344
-4.53639999999991e-05,-0.6558141568
-4.52639999999997e-05,-0.7362161792
-4.51640000000003e-05,-0.7764171904
-4.50640000000009e-05,-0.7764171904
-4.49640000000015e-05,-0.8166182016
-4.48639999999986e-05,-0.696015168
-4.47639999999992e-05,-0.4146080896
-4.46639999999998e-05,-0.3342060672
-4.45640000000004e-05,-0.0527989888
-4.4464000000001e-05,0.2688091008
-4.43640000000016e-05,0.5502161792
-4.42639999999987e-05,0.8316232576
-4.41639999999993e-05,0.9924273024
-4.40639999999999e-05,1.2336333696
-4.39640000000005e-05,1.3944374144
-4.38640000000011e-05,1.3944374144
-4.37640000000017e-05,1.3944374144
-4.36639999999988e-05,1.2738343808
-4.35639999999994e-05,0.8316232576
-4.3464e-05,0.711020224
-4.33640000000006e-05,0.1482060672
-4.32640000000012e-05,-0.093
-4.31640000000018e-05,-0.4548091008
-4.30639999999989e-05,-1.0176232576
-4.29639999999995e-05,-1.4196333696
-4.28640000000001e-05,-1.6608394368
-4.27640000000007e-05,-2.0628495488
-4.26640000000013e-05,-2.10305056
-4.25639999999984e-05,-2.0226485376
-4.2463999999999e-05,-1.8618444928
-4.23639999999996e-05,-1.6206384256
-4.22640000000002e-05,-0.9774222464
-4.21640000000008e-05,-0.7362161792
-4.20640000000014e-05,-0.0125979776
-4.19639999999985e-05,0.5904171904
-4.18639999999991e-05,0.91202528
-4.17639999999997e-05,1.4748394368
-4.16640000000003e-05,2.0376535936
-4.15640000000009e-05,2.2386586496
-4.14640000000015e-05,2.3994626944
-4.13639999999986e-05,2.3994626944
-4.12639999999992e-05,2.1984576384
-4.11639999999998e-05,1.716045504
-4.10640000000004e-05,1.0728293248
-4.0964000000001e-05,0.7914222464
-4.08640000000016e-05,0.1482060672
-4.07639999999987e-05,-0.7362161792
-4.06639999999993e-05,-0.9372212352
-4.05639999999999e-05,-1.701040448
-4.04640000000005e-05,-2.10305056
-4.03640000000011e-05,-2.3442566272
-4.02640000000017e-05,-2.505060672
-4.01639999999988e-05,-2.4648596608
-4.00639999999994e-05,-2.10305056
-3.9964e-05,-1.7412414592
-3.98640000000006e-05,-1.5402364032
-3.97640000000012e-05,-1.0578242688
-3.96640000000018e-05,-0.2136030336
-3.95639999999989e-05,0.1482060672
-3.94639999999995e-05,0.8316232576
-3.93640000000001e-05,1.3542364032
-3.92640000000007e-05,1.91705056
-3.91640000000013e-05,2.2386586496
-3.90639999999984e-05,2.3994626944
-3.8963999999999e-05,2.4396637056
-3.88639999999996e-05,2.1984576384
-3.87640000000002e-05,1.9572515712
-3.86640000000008e-05,1.2336333696
-3.85640000000013e-05,0.91202528
-3.84639999999985e-05,0.3492111232
-3.83639999999991e-05,-0.0527989888
-3.82639999999997e-05,-0.9774222464
-3.81640000000003e-05,-1.3794323584
-3.80640000000008e-05,-2.1834525824
-3.79640000000014e-05,-2.2236535936
-3.78639999999986e-05,-2.3442566272
-3.77639999999992e-05,-2.4648596608
-3.76639999999998e-05,-2.3844576384
-3.75640000000003e-05,-1.8216434816
-3.74640000000009e-05,-1.5804374144
-3.73640000000015e-05,-0.6558141568
-3.72639999999987e-05,-0.294005056
-3.71639999999993e-05,0.3894121344
-3.70639999999998e-05,1.1934323584
-3.69640000000004e-05,1.4748394368
-3.6864000000001e-05,1.8366485376
-3.67640000000016e-05,2.1984576384
-3.66639999999988e-05,2.2386586496
-3.65639999999993e-05,2.2386586496
-3.64639999999999e-05,1.9974525824
-3.63640000000005e-05,1.8366485376
-3.62640000000011e-05,1.2738343808
-3.61640000000017e-05,0.6708192128
-3.60639999999988e-05,0.1482060672
-3.59639999999994e-05,-0.294005056
-3.5864e-05,-0.8568192128
-3.57640000000006e-05,-1.6206384256
-3.56640000000012e-05,-1.8216434816
-3.55639999999983e-05,-2.0226485376
-3.54639999999989e-05,-2.0628495488
-3.53639999999995e-05,-2.0226485376
-3.52640000000001e-05,-1.9422465152
-3.51640000000007e-05,-1.5804374144
-3.50640000000013e-05,-1.1784273024
-3.49639999999984e-05,-0.5754121344
-3.4863999999999e-05,-0.2136030336
-3.47639999999996e-05,0.3492111232
-3.46640000000002e-05,0.9522262912
-3.45640000000008e-05,1.3542364032
-3.44640000000014e-05,1.6356434816
-3.43639999999985e-05,1.8768495488
-3.42639999999991e-05,1.9572515712
-3.41639999999997e-05,1.9572515712
-3.40640000000003e-05,1.716045504
-3.39640000000009e-05,1.515040448
-3.38640000000015e-05,0.9924273024
-3.37639999999986e-05,0.510015168
-3.36639999999992e-05,-0.2538040448
-3.35639999999998e-05,-0.4146080896
-3.34640000000004e-05,-0.8568192128
-3.3364000000001e-05,-1.1784273024
-3.32640000000016e-05,-1.5804374144
-3.31639999999987e-05,-1.7814424704
-3.30639999999993e-05,-1.7814424704
-3.29639999999999e-05,-1.7814424704
-3.28640000000005e-05,-1.5402364032
-3.27640000000011e-05,-1.3392313472
-3.26640000000017e-05,-0.8568192128
-3.25639999999988e-05,-0.5352111232
-3.24639999999994e-05,-0.0527989888
-3.2364e-05,0.309010112
-3.22640000000006e-05,0.5904171904
-3.21640000000012e-05,1.0728293248
-3.20640000000018e-05,1.2738343808
-3.19639999999989e-05,1.4346384256
-3.18639999999995e-05,1.515040448
-3.17640000000001e-05,1.4346384256
-3.16640000000007e-05,1.2738343808
-3.15640000000013e-05,0.9522262912
-3.14639999999984e-05,0.7914222464
-3.1363999999999e-05,0.4296131456
-3.12639999999996e-05,0.2286080896
-3.11640000000002e-05,-0.4146080896
-3.10640000000008e-05,-0.6156131456
-3.09640000000014e-05,-0.9372212352
-3.08639999999985e-05,-1.1382262912
-3.07639999999991e-05,-1.2588293248
-3.06639999999997e-05,-1.2588293248
-3.05640000000003e-05,-1.2186283136
-3.04640000000009e-05,-1.0176232576
-3.03640000000015e-05,-0.9774222464
-3.02639999999986e-05,-0.6558141568
-3.01639999999992e-05,-0.2136030336
-3.00639999999998e-05,-0.093
-2.99640000000004e-05,0.4296131456
-2.9864000000001e-05,0.5502161792
-2.97640000000016e-05,0.8316232576
-2.96639999999987e-05,0.9924273024
-2.95639999999993e-05,1.0326283136
-2.94639999999999e-05,1.0326283136
-2.93640000000005e-05,0.91202528
-2.92640000000011e-05,0.7914222464
-2.91640000000017e-05,0.510015168
-2.90639999999988e-05,0.3894121344
-2.89639999999994e-05,0.0678040448
-2.8864e-05,-0.294005056
-2.87640000000006e-05,-0.3744070784
-2.86640000000012e-05,-0.7764171904
-2.85640000000018e-05,-0.9372212352
-2.84639999999989e-05,-0.9372212352
-2.83639999999995e-05,-0.9774222464
-2.82640000000001e-05,-0.9372212352
-2.81640000000007e-05,-0.8166182016
-2.80640000000013e-05,-0.6156131456
-2.79639999999984e-05,-0.294005056
-2.7863999999999e-05,-0.0527989888
-2.77639999999996e-05,0.108005056
-2.76640000000002e-05,0.5502161792
-2.75640000000008e-05,0.6708192128
-2.74640000000013e-05,0.8316232576
-2.73639999999985e-05,0.9522262912
-2.72639999999991e-05,0.9522262912
-2.71639999999997e-05,0.8718242688
-2.70640000000003e-05,0.6708192128
-2.69640000000008e-05,0.5502161792
-2.68640000000014e-05,0.2688091008
-2.67639999999986e-05,-0.093
-2.66639999999992e-05,-0.3342060672
-2.65639999999998e-05,-0.4548091008
-2.64640000000003e-05,-0.696015168
-2.63640000000009e-05,-0.9774222464
-2.62640000000015e-05,-0.9774222464
-2.61639999999987e-05,-0.9774222464
-2.60639999999993e-05,-0.9774222464
-2.59639999999998e-05,-0.7764171904
-2.58640000000004e-05,-0.6558141568
-2.5764000000001e-05,-0.4548091008
-2.56640000000016e-05,-0.1734020224
-2.55639999999988e-05,0.0276030336
-2.54639999999993e-05,0.510015168
-2.53639999999999e-05,0.6306182016
-2.52640000000005e-05,0.91202528
-2.51640000000011e-05,1.0728293248
-2.50640000000017e-05,1.113030336
-2.49639999999988e-05,1.0728293248
-2.48639999999994e-05,0.9522262912
-2.4764e-05,0.8316232576
-2.46640000000006e-05,0.5904171904
-2.45640000000012e-05,0.309010112
-2.44639999999983e-05,0.0276030336
-2.43639999999989e-05,-0.294005056
-2.42639999999995e-05,-0.6156131456
-2.41640000000001e-05,-0.9372212352
-2.40640000000007e-05,-1.0578242688
-2.39640000000013e-05,-1.1784273024
-2.38639999999984e-05,-1.1784273024
-2.3763999999999e-05,-0.9774222464
-2.36639999999996e-05,-0.8166182016
-2.35640000000002e-05,-0.8166182016
-2.34640000000008e-05,-0.4146080896
-2.33640000000014e-05,-0.1734020224
-2.32639999999985e-05,0.2688091008
-2.31639999999991e-05,0.6708192128
-2.30639999999997e-05,0.8316232576
-2.29640000000003e-05,1.0326283136
-2.28640000000009e-05,1.1532313472
-2.27640000000015e-05,1.1934323584
-2.26639999999986e-05,1.113030336
-2.25639999999992e-05,1.0326283136
-2.24639999999998e-05,0.7914222464
-2.23640000000004e-05,0.2286080896
-2.2264000000001e-05,0.0678040448
-2.21640000000016e-05,-0.3342060672
-2.20639999999987e-05,-0.696015168
-2.19639999999993e-05,-0.8568192128
-2.18639999999999e-05,-1.2588293248
-2.17640000000005e-05,-1.2588293248
-2.16640000000011e-05,-1.4598343808
-2.15640000000017e-05,-1.3794323584
-2.14639999999988e-05,-1.2186283136
-2.13639999999994e-05,-0.897020224
-2.1264e-05,-0.8166182016
-2.11640000000006e-05,-0.2136030336
-2.10640000000012e-05,-0.0527989888
-2.09640000000018e-05,0.8316232576
-2.08639999999989e-05,0.9924273024
-2.07639999999995e-05,1.2738343808
-2.06640000000001e-05,1.5954424704
-2.05640000000007e-05,1.6758444928
-2.04640000000013e-05,1.6758444928
-2.03639999999984e-05,1.5954424704
-2.0263999999999e-05,1.2738343808
-2.01639999999996e-05,1.1934323584
-2.00640000000002e-05,0.711020224
-1.99640000000008e-05,0.309010112
-1.98640000000014e-05,-0.495010112
-1.97639999999985e-05,-0.9372212352
-1.96639999999991e-05,-1.3794323584
-1.95639999999997e-05,-1.7412414592
-1.94640000000003e-05,-2.0226485376
-1.93640000000009e-05,-2.0226485376
-1.92640000000015e-05,-1.9824475264
-1.91639999999986e-05,-1.8618444928
-1.90639999999992e-05,-1.6608394368
-1.89639999999998e-05,-1.0578242688
-1.88640000000004e-05,-0.6156131456
-1.8764000000001e-05,-0.1734020224
-1.86640000000016e-05,0.6306182016
-1.85639999999987e-05,0.8718242688
-1.84639999999993e-05,1.5954424704
-1.83639999999999e-05,1.9572515712
-1.82640000000005e-05,2.0778546048
-1.81640000000011e-05,2.118055616
-1.80640000000017e-05,1.9974525824
-1.79639999999988e-05,1.7562465152
-1.78639999999994e-05,1.4748394368
-1.7764e-05,1.113030336
-1.76640000000006e-05,0.0276030336
-1.75640000000012e-05,-0.3342060672
-1.74640000000018e-05,-1.0578242688
-1.73639999999989e-05,-1.1784273024
-1.72639999999995e-05,-1.701040448
-1.71640000000001e-05,-2.10305056
-1.70640000000007e-05,-2.2236535936
-1.69640000000013e-05,-2.1432515712
-1.68639999999984e-05,-2.10305056
-1.6763999999999e-05,-1.7814424704
-1.66639999999996e-05,-1.3794323584
-1.65640000000002e-05,-0.7764171904
-1.64640000000008e-05,-0.0125979776
-1.63640000000013e-05,0.1482060672
-1.62639999999985e-05,0.7512212352
-1.61639999999991e-05,1.4346384256
-1.60639999999997e-05,1.91705056
-1.59640000000003e-05,2.118055616
-1.58640000000008e-05,2.1984576384
-1.57640000000014e-05,2.1582566272
-1.56639999999986e-05,1.9974525824
-1.55639999999992e-05,1.4346384256
-1.54639999999998e-05,1.113030336
-1.53640000000003e-05,0.8718242688
-1.52640000000009e-05,-0.093
-1.51640000000015e-05,-0.4548091008
-1.50639999999987e-05,-1.2186283136
-1.49639999999993e-05,-1.5402364032
-1.48639999999998e-05,-1.902045504
-1.47640000000004e-05,-2.10305056
-1.4664000000001e-05,-2.1834525824
-1.45640000000016e-05,-2.10305056
-1.44639999999988e-05,-1.7412414592
-1.43639999999993e-05,-1.6206384256
-1.42639999999999e-05,-1.0578242688
-1.41640000000005e-05,-0.5754121344
-1.40640000000011e-05,0.108005056
-1.39640000000017e-05,0.3894121344
-1.38639999999988e-05,1.4346384256
-1.37639999999994e-05,1.5552414592
-1.3664e-05,1.91705056
-1.35640000000006e-05,2.1582566272
-1.34640000000012e-05,2.118055616
-1.33639999999983e-05,2.0778546048
-1.32639999999989e-05,1.716045504
-1.31639999999995e-05,1.5552414592
-1.30640000000001e-05,0.5904171904
-1.29640000000007e-05,0.108005056
-1.28640000000013e-05,-0.0527989888
-1.27639999999984e-05,-0.9774222464
-1.2663999999999e-05,-1.1784273024
-1.25639999999996e-05,-1.7814424704
-1.24640000000002e-05,-1.9824475264
-1.23640000000008e-05,-2.10305056
-1.22640000000014e-05,-2.0226485376
-1.21639999999985e-05,-1.9422465152
-1.20639999999991e-05,-1.7412414592
-1.19639999999997e-05,-1.1382262912
-1.18640000000003e-05,-0.7362161792
-1.17640000000009e-05,0.0678040448
-1.16640000000015e-05,0.3894121344
-1.15639999999986e-05,1.0728293248
-1.14639999999992e-05,1.4346384256
-1.13639999999998e-05,1.6356434816
-1.12640000000004e-05,1.91705056
-1.1164000000001e-05,1.9974525824
-1.10640000000016e-05,1.9572515712
-1.09639999999987e-05,1.716045504
-1.08639999999993e-05,1.4346384256
-1.07639999999999e-05,1.113030336
-1.06640000000005e-05,0.4698141568
-1.05640000000011e-05,0.0678040448
-1.04640000000017e-05,-0.4548091008
-1.03639999999988e-05,-0.9774222464
-1.02639999999994e-05,-1.4598343808
-1.0164e-05,-1.6608394368
-1.00640000000006e-05,-1.7412414592
-9.96400000000119e-06,-1.8618444928
-9.86400000000179e-06,-1.7412414592
-9.76399999999891e-06,-1.7412414592
-9.66399999999951e-06,-1.3794323584
-9.5640000000001e-06,-0.9372212352
-9.46400000000069e-06,-0.6558141568
-9.36400000000129e-06,-0.1734020224
-9.26399999999841e-06,0.3492111232
-9.16399999999901e-06,0.8316232576
-9.0639999999996e-06,1.1934323584
-8.96400000000019e-06,1.3542364032
-8.86400000000079e-06,1.515040448
-8.76400000000138e-06,1.5954424704
-8.66399999999851e-06,1.4748394368
-8.5639999999991e-06,1.3542364032
-8.46399999999969e-06,1.1934323584
-8.36400000000029e-06,0.8718242688
-8.26400000000088e-06,0.4296131456
-8.16400000000148e-06,0.1482060672
-8.0639999999986e-06,-0.294005056
-7.96399999999919e-06,-0.6558141568
-7.86399999999979e-06,-0.8568192128
-7.76400000000038e-06,-1.2186283136
-7.66400000000098e-06,-1.299030336
-7.56400000000157e-06,-1.4196333696
-7.46399999999869e-06,-1.299030336
-7.36399999999929e-06,-1.1382262912
-7.26399999999988e-06,-0.8568192128
-7.16400000000048e-06,-0.6558141568
-7.06400000000107e-06,-0.2136030336
-6.96400000000166e-06,0.0276030336
-6.86399999999879e-06,0.309010112
-6.76399999999938e-06,0.510015168
-6.66399999999998e-06,0.8718242688
-6.56400000000057e-06,0.9924273024
-6.46400000000116e-06,1.113030336
-6.36400000000176e-06,1.1532313472
-6.26399999999888e-06,0.9924273024
-6.16399999999948e-06,0.8316232576
-6.06400000000007e-06,0.6306182016
-5.96400000000066e-06,0.2286080896
-5.86400000000126e-06,-0.093
-5.76399999999838e-06,-0.1734020224
-5.66399999999898e-06,-0.5352111232
-5.56399999999957e-06,-0.8166182016
-5.46400000000016e-06,-0.8568192128
-5.36400000000076e-06,-1.0176232576
-5.26400000000135e-06,-1.0578242688
-5.16399999999848e-06,-0.9774222464
-5.06399999999907e-06,-0.8568192128
-4.96399999999966e-06,-0.6558141568
-4.86400000000026e-06,-0.2538040448
-4.76400000000085e-06,-0.0527989888
-4.66400000000144e-06,0.2688091008
-4.56399999999857e-06,0.4296131456
-4.46399999999916e-06,0.7512212352
-4.36399999999976e-06,0.8316232576
-4.26400000000035e-06,0.9522262912
-4.16400000000094e-06,0.9924273024
-4.06400000000154e-06,0.91202528
-3.96399999999866e-06,0.7914222464
-3.86399999999926e-06,0.5502161792
-3.76399999999985e-06,0.2688091008
-3.66400000000044e-06,-0.0527989888
-3.56400000000104e-06,-0.1734020224
-3.46400000000163e-06,-0.5352111232
-3.36399999999876e-06,-0.7764171904
-3.26399999999935e-06,-0.897020224
-3.16399999999994e-06,-0.9774222464
-3.06400000000054e-06,-0.9774222464
-2.96400000000113e-06,-0.9774222464
-2.86400000000173e-06,-0.8166182016
-2.76399999999885e-06,-0.696015168
-2.66399999999944e-06,-0.4548091008
-2.56400000000004e-06,-0.0527989888
-2.46400000000063e-06,0.108005056
-2.36400000000123e-06,0.3894121344
-2.26399999999835e-06,0.5904171904
-2.16399999999894e-06,0.91202528
-2.06399999999954e-06,1.0326283136
-1.96400000000013e-06,1.0326283136
-1.86400000000073e-06,0.9522262912
-1.76400000000132e-06,0.91202528
-1.66399999999844e-06,0.8316232576
-1.56399999999904e-06,0.6306182016
-1.46399999999963e-06,0.2286080896
-1.36400000000023e-06,-0.093
-1.26400000000082e-06,-0.294005056
-1.16400000000141e-06,-0.5352111232
-1.06399999999854e-06,-0.7764171904
-9.63999999999132e-07,-1.0578242688
-8.63999999999726e-07,-1.0578242688
-7.6400000000032e-07,-1.09802528
-6.64000000000914e-07,-1.1382262912
-5.64000000001508e-07,-0.9774222464
-4.63999999998632e-07,-0.897020224
-3.63999999999226e-07,-0.6558141568
-2.6399999999982e-07,-0.2136030336
-1.64000000000414e-07,0.0678040448
-6.40000000010077e-08,0.2688091008
